id,title,year,genres,director,cast,keywords,overview,runtime
1,Inception,2010,"Action|Sci-Fi|Thriller",Christopher Nolan,"Leonardo DiCaprio|Joseph Gordon-Levitt|Elliot Page","dream|heist|subconscious|mind-bending","A skilled extractor enters dreams to steal secrets and faces a dangerous final mission.",148
2,The Matrix,1999,"Action|Sci-Fi",Lana Wachowski|Lilly Wachowski,"Keanu Reeves|Laurence Fishburne|Carrie-Anne Moss","simulation|artificial intelligence|chosen one|cyberpunk","A hacker discovers that reality is a simulated system controlled by machines.",136
3,Interstellar,2014,"Adventure|Drama|Sci-Fi",Christopher Nolan,"Matthew McConaughey|Anne Hathaway|Jessica Chastain","space|time|black hole|exploration","Explorers travel beyond Earth in search of a future for humanity while time and family pull them apart.",169
4,The Dark Knight,2008,"Action|Crime|Drama",Christopher Nolan,"Christian Bale|Heath Ledger|Gary Oldman","superhero|crime|joker|justice","A masked hero faces a criminal mastermind who pushes a city toward chaos.",152
5,Spirited Away,2001,"Animation|Adventure|Fantasy",Hayao Miyazaki,"Rumi Hiiragi|Miyu Irino|Mari Natsuki","magic|spirits|coming of age|fantasy world","A young girl enters a mysterious spirit world and must find courage to rescue her family.",125
6,The Lord of the Rings: The Fellowship of the Ring,2001,"Adventure|Fantasy|Drama",Peter Jackson,"Elijah Wood|Ian McKellen|Viggo Mortensen","quest|magic|friendship|middle earth","A young hobbit begins a perilous quest to destroy a powerful ring and protect Middle-earth.",178
7,The Shawshank Redemption,1994,"Drama",Frank Darabont,"Tim Robbins|Morgan Freeman|Bob Gunton","prison|friendship|hope|redemption","A banker imprisoned for a crime he did not commit builds an enduring friendship and hope.",142
8,Parasite,2019,"Drama|Thriller",Bong Joon Ho,"Song Kang-ho|Lee Sun-kyun|Cho Yeo-jeong","class|wealth|family|deception","A struggling family gradually enters the lives of a wealthy household with unexpected consequences.",132
9,Avengers: Endgame,2019,"Action|Adventure|Sci-Fi",Anthony Russo|Joe Russo,"Robert Downey Jr.|Chris Evans|Scarlett Johansson","superhero|time travel|team|marvel","The remaining heroes attempt a desperate mission to undo a catastrophe and restore what was lost.",181
10,Get Out,2017,"Horror|Mystery|Thriller",Jordan Peele,"Daniel Kaluuya|Allison Williams|Bradley Whitford","social satire|mystery|family|psychological","A weekend visit to a girlfriend's family estate reveals a disturbing hidden secret.",104
11,La La Land,2016,"Comedy|Drama|Romance|Music",Damien Chazelle,"Ryan Gosling|Emma Stone|John Legend","music|dreams|love|los angeles","An aspiring musician and an actor fall in love while pursuing creative dreams in Los Angeles.",128
12,Whiplash,2014,"Drama|Music",Damien Chazelle,"Miles Teller|J.K. Simmons|Paul Reiser","jazz|ambition|perfection|mentor","A young drummer enters an intense conservatory where an uncompromising teacher demands greatness.",106
13,The Grand Budapest Hotel,2014,"Comedy|Drama|Adventure",Wes Anderson,"Ralph Fiennes|Tony Revolori|Saoirse Ronan","hotel|friendship|heist|eccentric","A legendary concierge and his lobby boy become entangled in a colorful inheritance mystery.",99
14,Mad Max: Fury Road,2015,"Action|Adventure|Sci-Fi",George Miller,"Tom Hardy|Charlize Theron|Nicholas Hoult","post apocalyptic|survival|chase|desert","Two determined survivors flee across a wasteland while fighting for freedom.",120
15,Arrival,2016,"Drama|Sci-Fi|Mystery",Denis Villeneuve,"Amy Adams|Jeremy Renner|Forest Whitaker","aliens|language|time|communication","A linguist works to communicate with visitors from another world while confronting an extraordinary mystery.",116
16,Blade Runner 2049,2017,"Sci-Fi|Drama|Mystery",Denis Villeneuve,"Ryan Gosling|Harrison Ford|Ana de Armas","android|future|identity|detective","A futuristic detective uncovers a secret that leads him to a missing former officer.",164
17,Spider-Man: Into the Spider-Verse,2018,"Animation|Action|Adventure",Bob Persichetti|Peter Ramsey|Rodney Rothman,"Shameik Moore|Jake Johnson|Hailee Steinfeld","multiverse|superhero|teen|identity","A teenager becomes a hero and meets alternate versions of Spider-Man from different worlds.",117
18,Knives Out,2019,"Comedy|Crime|Mystery",Rian Johnson,"Daniel Craig|Ana de Armas|Chris Evans","murder mystery|detective|family|manor","A detective investigates a wealthy family's secrets after a patriarch dies unexpectedly.",130
19,The Prestige,2006,"Drama|Mystery|Sci-Fi",Christopher Nolan,"Christian Bale|Hugh Jackman|Scarlett Johansson","magic|rivalry|obsession|illusion","Two rival magicians become consumed by a dangerous competition to create the ultimate illusion.",130
20,Guardians of the Galaxy,2014,"Action|Adventure|Comedy|Sci-Fi",James Gunn,"Chris Pratt|Zoe Saldana|Dave Bautista","space|team|humor|superhero","A group of unlikely heroes must cooperate to protect a powerful artifact from a warlord.",121
21,The Martian,2015,"Adventure|Drama|Sci-Fi",Ridley Scott,"Matt Damon|Jessica Chastain|Chiwetel Ejiofor","mars|survival|science|space","An astronaut stranded on Mars uses science and ingenuity to survive while Earth works to bring him home.",144
22,Jurassic Park,1993,"Adventure|Sci-Fi|Thriller",Steven Spielberg,"Sam Neill|Laura Dern|Jeff Goldblum","dinosaurs|science|island|survival","A theme park filled with cloned dinosaurs becomes a fight for survival when the animals escape.",127
23,Toy Story,1995,"Animation|Adventure|Comedy",John Lasseter,"Tom Hanks|Tim Allen|Annie Potts","toys|friendship|childhood|adventure","A cowboy toy must work with a new space-ranger rival after a child receives a special gift.",81
24,The Incredibles,2004,"Animation|Action|Adventure|Comedy",Brad Bird,"Craig T. Nelson|Holly Hunter|Samuel L. Jackson","superhero|family|identity|team","A superhero family returns to action when a new threat targets their city.",115
25,Her,2013,"Drama|Romance|Sci-Fi",Spike Jonze,"Joaquin Phoenix|Amy Adams|Scarlett Johansson","artificial intelligence|technology|love|future","A lonely writer develops an unexpected relationship with an advanced operating system.",126
26,Eternal Sunshine of the Spotless Mind,2004,"Drama|Romance|Sci-Fi",Michel Gondry,"Jim Carrey|Kate Winslet|Tom Wilkinson","memory|love|identity|surreal","A couple undergoes a procedure to erase memories of their relationship and confront what remains.",108
27,The Social Network,2010,"Drama",David Fincher,"Jesse Eisenberg|Andrew Garfield|Justin Timberlake","technology|entrepreneurship|college|friendship","A group of students builds a social networking company and becomes divided by ambition and ownership.",120
28,Moneyball,2011,"Drama",Bennett Miller,"Brad Pitt|Jonah Hill|Philip Seymour Hoffman","baseball|data|strategy|underdog","A baseball manager uses statistical analysis to rebuild a team with limited resources.",133
29,The Silence of the Lambs,1991,"Crime|Drama|Thriller|Horror",Jonathan Demme,"Jodie Foster|Anthony Hopkins|Scott Glenn","detective|serial killer|psychology|investigation","A trainee investigator seeks the help of an imprisoned killer to solve a dangerous case.",118
30,Paddington 2,2017,"Adventure|Comedy|Family",Paul King,"Ben Whishaw|Hugh Grant|Sally Hawkins","bear|family|kindness|mystery","A polite bear tries to buy a special gift for his aunt and becomes involved in a mystery.",104
